UNITID,OPEID6,INSTNM,STABBR,MAIN,CONTROL,REGION,ADM_RATE,ADM_RATE_ALL,SAT_AVG,SAT_AVG_ALL,UGDS
100724,001005,Alabama State University,AL,1,1,5,0.966,0.9659783093151,963,963,3296
100830,008310,Auburn University at Montgomery,AL,1,1,5,0.9223,0.92227074235807,1051,1051,3307
100858,001009,Auburn University,AL,1,1,5,0.436,0.4360046154181,1292,1292,24722
101189,001003,Faulkner University,AL,1,2,5,0.8241,0.82407407407407,1021,1021,1587
101709,001004,University of Montevallo,AL,1,1,5,0.5984,0.59835045129162,,,2128
101912,001033,Oakwood University,AL,1,2,5,0.6805,0.6804979253112,,,1378
102049,001036,Samford University,AL,1,2,5,0.8326,0.83260318192298,1227,1227,3668
102094,001057,University of South Alabama,AL,1,1,5,0.6536,0.65362549800796,1118,1118,8171
102234,001041,Spring Hill College,AL,1,2,5,0.7263,0.72634146341463,1094,1094,932
102298,001046,Talladega College,AL,1,2,5,,,,,832
102377,001050,Tuskegee University,AL,1,2,5,0.2969,0.29685294361869,1091,1091,2100
102553,011462,University of Alaska Anchorage,AK,1,1,8,0.6532,0.65318352059925,,,6778
102614,001063,University of Alaska Fairbanks,AK,1,1,8,,,,,4010
104151,001081,Arizona State University Campus Immersion,AZ,1,1,6,0.8975,0.86994418038413,,,64778
104179,001083,University of Arizona,AZ,1,1,6,0.8676,0.86759708970839,1229,1229,37979
104586,001479,Embry-Riddle Aeronautical University-Prescott,AZ,0,2,6,0.68,0.64585818422796,1278,1246,3114
105330,001082,Northern Arizona University,AZ,1,1,6,0.7999,0.7999331178241,,,23090
106342,001088,Lyon College,AR,1,2,5,0.5984,0.59840810419681,,,489
106397,001108,University of Arkansas,AR,1,1,5,0.7893,0.7893130935581,1167,1167,26002
107044,001097,Harding University,AR,1,2,5,0.4512,0.45119787045252,1182,1182,3198
107080,001099,Hendrix College,AR,1,2,5,0.6028,0.60278490289483,1246,1246,1127
107141,001100,John Brown University,AR,1,2,5,0.5664,0.56644295302013,1218,1218,1354
107512,001102,Ouachita Baptist University,AR,1,2,5,0.7232,0.72321861366941,1180,1180,1587
107600,001103,Philander Smith University,AR,1,2,5,,,,,766
108092,001110,University of Arkansas-Fort Smith,AR,1,1,5,,,,,4143
109785,001117,Azusa Pacific University,CA,1,2,8,0.87,0.86998254799301,1132,1132,3344
110097,001122,Biola University,CA,1,2,8,0.5663,0.56628787878787,1250,1250,3474
110361,001125,California Baptist University,CA,1,2,8,0.7992,0.79918996603083,,,8077
110404,001131,California Institute of Technology,CA,1,2,8,0.0269,0.0269457476242,,,982
110413,001133,California Lutheran University,CA,1,2,8,0.8718,0.87184466019417,1258,1258,2510
110422,001143,California Polytechnic State University-San Luis Obispo,CA,1,1,8,0.3043,0.30430122162861,,,20976
110486,007993,California State University-Bakersfield,CA,1,1,8,0.8655,0.86547636258493,,,8108
110495,001157,California State University-Stanislaus,CA,1,1,8,0.9661,0.96610169491525,,,8836
110510,001142,California State University-San Bernardino,CA,1,1,8,0.9108,0.91084446164763,,,16712
110529,001144,California State Polytechnic University-Pomona,CA,1,1,8,0.5538,0.55378063937733,,,25080
110538,001146,California State University-Chico,CA,1,1,8,0.95,0.95003968809823,,,12853
110547,001141,California State University-Dominguez Hills,CA,1,1,8,0.8913,0.89131228802504,,,13903
110556,001147,California State University-Fresno,CA,1,1,8,0.9543,0.95428817853485,,,20985
110565,001137,California State University-Fullerton,CA,1,1,8,0.6672,0.6672478870928,,,35249
110574,001138,California State University-East Bay,CA,1,1,8,0.962,0.96204156969745,,,10709
110583,001139,California State University-Long Beach,CA,1,1,8,0.3995,0.39951551165716,,,32780
110592,001140,California State University-Los Angeles,CA,1,1,8,0.8694,0.86941276996965,,,22690
110608,001153,California State University-Northridge,CA,1,1,8,0.9123,0.91226651261313,,,32103
110617,001150,California State University-Sacramento,CA,1,1,8,0.9321,0.93206994777654,,,28544
110635,001312,University of California-Berkeley,CA,1,1,8,0.1133,0.11327597906543,,,32475
110644,001313,University of California-Davis,CA,1,1,8,0.3734,0.37338385384233,,,31512
110653,001314,University of California-Irvine,CA,1,1,8,0.2115,0.21152603803978,,,28651
110662,001315,University of California-Los Angeles,CA,1,1,8,0.0857,0.08574709114091,,,32423
110671,001316,University of California-Riverside,CA,1,1,8,0.6869,0.68692280964833,,,22842
110680,001317,University of California-San Diego,CA,1,1,8,0.2371,0.23707096961058,,,33092
110705,001320,University of California-Santa Barbara,CA,1,1,8,0.2585,0.25846209288706,,,23419
110714,001321,University of California-Santa Cruz,CA,1,1,8,0.4692,0.46920135938827,,,17502
111948,001164,Chapman University,CA,1,2,8,0.7252,0.72520087655222,1316,1316,7665
112075,020705,Concordia University-Irvine,CA,1,2,8,0.6899,0.6898769574944,,,1691
112260,001170,Claremont McKenna College,CA,1,2,8,0.1035,0.10352075669994,1514,1514,1383
115409,001171,Harvey Mudd College,CA,1,2,8,0.1336,0.13355855855855,1539,1539,906
115755,001149,California State Polytechnic University-Humboldt,CA,1,1,8,0.9818,0.98177542621987,,,5373
117627,001215,La Sierra University,CA,1,2,8,0.9528,0.95277320153761,,,1216
119058,003691,Middlebury Institute of International Studies at Monterey,CA,0,2,8,,0.12693020382952,,1502,13
119605,011460,National University,CA,1,2,8,,,,,7993
120184,001179,Notre Dame de Namur University,CA,1,2,8,,,,,0
120254,001249,Occidental College,CA,1,2,8,0.394,0.393973037272,1434,1434,1935
120883,001329,University of the Pacific,CA,1,2,8,0.9323,0.9322695637413,1276,1276,3266
121257,001172,Pitzer College,CA,1,2,8,0.184,0.184,,,1212
121309,001262,Point Loma Nazarene University,CA,1,2,8,0.8193,0.81930771673547,,,3149
121345,001173,Pomona College,CA,1,2,8,0.0702,0.07022313894618,1520,1520,1699
122409,001151,San Diego State University,CA,1,1,8,0.3926,0.39263430420711,,,31810
122436,010395,University of San Diego,CA,1,2,8,0.5261,0.52609180968327,,,5569
122597,001154,San Francisco State University,CA,1,1,8,0.942,0.94196846184685,,,21035
122612,001325,University of San Francisco,CA,1,2,8,0.7118,0.71176903432454,1323,1323,5980
122728,001281,William Jessup University,CA,1,2,8,0.6592,0.65915492957746,1130,1130,1123
122755,001155,San Jose State University,CA,1,1,8,0.7671,0.76710193518028,,,26735
123165,001174,Scripps College,CA,1,2,8,0.2791,0.27912229751532,1467,1467,1073
123554,001302,Saint Mary's College of California,CA,1,2,8,0.8789,0.87891440501043,,,1994
123572,001156,Sonoma State University,CA,1,1,8,0.94,0.94003331482509,,,5892
123961,001328,University of Southern California,CA,1,2,8,0.1202,0.12023978454142,1520,1520,20505
126580,004509,University of Colorado Colorado Springs,CO,1,1,7,0.8477,0.84767134431563,1180,1180,9102
126614,001370,University of Colorado Boulder,CO,1,1,7,0.8073,0.80727394432978,1301,1301,30598
126669,009401,Colorado Christian University,CO,1,2,7,,,,,5399
126775,001348,Colorado School of Mines,CO,1,1,7,0.58,0.58001102333272,1403,1403,5662
127060,001371,University of Denver,CO,1,2,7,0.7768,0.7767552476476,1348,1348,5986
127565,001360,Metropolitan State University of Denver,CO,1,1,7,0.9791,0.9791400177113,1025,1025,14947
127741,001349,University of Northern Colorado,CO,1,1,7,0.7854,0.7853962600178,1106,1106,6024
127918,001363,Regis University,CO,1,2,7,0.7609,0.76085781221841,1149,1149,2239
128328,001369,United States Air Force Academy,CO,1,1,0,0.1623,0.16233688495151,1401,1401,4085
128744,001416,University of Bridgeport,CT,1,2,1,0.8151,0.81512827294366,1090,1090,1604
128902,001379,Connecticut College,CT,1,2,1,0.404,0.40404849039341,1427,1427,1915
129020,001417,University of Connecticut,CT,1,1,1,0.5451,0.62407436584213,1340,1286,18768
129428,002803,Rensselaer at Hartford,CT,0,2,1,,0.6450809464508,,1457,
129941,001397,University of New Haven,CT,1,2,1,0.9124,0.91240289311545,1180,1180,4765
130226,001402,Quinnipiac University,CT,1,2,1,0.8379,0.83785086779515,1216,1216,6021
130314,001409,University of Saint Joseph,CT,1,2,1,0.7485,0.74848851269649,1170,1170,821
130697,001424,Wesleyan University,CT,1,2,1,0.1443,0.14434267612423,1426,1426,3006
130934,001428,Delaware State University,DE,1,1,2,0.5492,0.54916303277535,939,939,4588
131113,007948,Wilmington University,DE,1,2,2,,,,,8210
131159,001434,American University,DC,1,2,2,0.4063,0.40625320348539,1386,1386,7669
131283,001437,The Catholic University of America,DC,1,2,2,0.8559,0.85588691604895,,,2958
131399,001441,University of the District of Columbia,DC,1,1,2,,,,,2912
131469,001444,George Washington University,DC,1,2,2,0.4898,0.4897674759774,1420,1420,10798
131496,001445,Georgetown University,DC,1,2,2,0.1223,0.12226893910954,1507,1507,7343
131520,001448,Howard University,DC,1,2,2,0.5343,0.53434438190535,1164,1164,9243
132471,001466,Barry University,FL,1,2,5,0.5963,0.59629489603024,,,2539
132602,001467,Bethune-Cookman University,FL,1,2,5,0.8497,0.84966453424871,903,903,2628
133492,001487,Eckerd College,FL,1,2,5,0.6509,0.65092809515227,1238,1238,1986
133553,001479,Embry-Riddle Aeronautical University-Daytona Beach,FL,1,2,5,0.6453,0.64585818422796,1237,1246,7155
133881,001469,Florida Institute of Technology,FL,1,2,5,0.6437,0.64593709975807,1213,1213,3114
133979,001486,Florida Memorial University,FL,1,2,5,0.6994,0.6993546224122,,,1098
134079,001488,Florida Southern College,FL,1,2,5,0.5661,0.56609712230215,1206,1206,2702
135726,001536,University of Miami,FL,1,2,5,0.1894,0.18938762228233,1409,1409,12215
136172,009841,University of North Florida,FL,1,1,5,0.705,0.70502431118314,1104,1104,13866
136215,001509,Nova Southeastern University,FL,1,2,5,0.758,0.75799630710584,1164,1164,6885
136330,008849,Palm Beach Atlantic University,FL,1,2,5,0.9466,0.94662379421221,1126,1126,2396
137032,001526,Saint Leo University,FL,1,2,5,0.801,0.80095265588914,1102,1102,6717
137476,001468,St. Thomas University,FL,1,2,5,0.6515,0.65146276595744,,,1896
137546,001531,Stetson University,FL,1,2,5,0.938,0.93804466230936,1205,1205,2517
138354,003955,University of West Florida,FL,1,1,5,0.4803,0.48030286404038,1166,1166,8806
138947,001559,Clark Atlanta University,GA,1,2,5,0.5626,0.56261994675911,974,974,3419
139144,001554,Berry College,GA,1,2,5,0.6631,0.66312245259613,1210,1210,2232
139311,008976,Clayton  State University,GA,1,1,5,0.5632,0.56319290465631,980,980,4540
139658,001564,Emory University,GA,1,2,5,0.1135,0.12729456811441,1493,1491,7017
139764,001573,Georgia Southwestern State University,GA,1,1,5,0.7318,0.73182052604435,1075,1075,2092
139861,001602,Georgia College & State University,GA,1,1,5,0.7995,0.79950158586316,1144,1144,5185
139940,001574,Georgia State University,GA,1,1,5,0.6678,0.76439861062494,1127,1088,28439
139959,001598,University of Georgia,GA,1,1,5,0.4255,0.42545778229908,1335,1335,30566
140447,001580,Mercer University,GA,1,2,5,0.7468,0.74682371625198,1288,1288,4568
140553,001582,Morehouse College,GA,1,2,5,0.6001,0.60007661367554,1090,1090,2564
141486,001605,Chaminade University of Honolulu,HI,1,2,8,0.9341,0.93410572049239,,,1505
141565,001611,University of Hawaii at Hilo,HI,1,1,8,0.8424,0.84238921001926,1020,1020,2381
141574,001610,University of Hawaii at Manoa,HI,1,1,8,0.7277,0.72767998313481,1113,1113,13915
141644,007279,Hawaii Pacific University,HI,1,2,8,0.871,0.87097498876741,1173,1173,2650
142115,001616,Boise State University,ID,1,1,7,0.8393,0.83929740994343,,,16979
142276,001620,Idaho State University,ID,1,1,7,,,,,6830
142285,001626,University of Idaho,ID,1,1,7,0.7385,0.73852012245202,1129,1129,7120
142461,001624,Northwest Nazarene University,ID,1,2,7,0.8819,0.88185032410135,1139,1139,1115
142522,001625,Brigham Young University-Idaho,ID,1,2,7,0.9556,0.9555859909998,1107,1107,42213
143084,001633,Augustana College,IL,1,2,3,0.6122,0.61220387652548,1145,1145,2274
143118,001634,Aurora University,IL,1,2,3,0.819,0.81895961670089,1087,1087,3987
143288,001639,Blackburn College,IL,1,2,3,0.6437,0.64367816091954,,,342
143358,001641,Bradley University,IL,1,2,3,0.7514,0.7514094432699,1208,1208,4133
144005,001694,Chicago State University,IL,1,1,3,0.4851,0.48514316585629,,,1364
144050,001774,University of Chicago,IL,1,2,3,0.0543,0.05434145301423,1532,1532,7511
144740,001671,DePaul University,IL,1,2,3,0.7017,0.70165172251061,1267,1267,13968
144892,001674,Eastern Illinois University,IL,1,1,3,0.6796,0.67964433701657,1000,1000,4586
144962,001676,Elmhurst University,IL,1,2,3,0.7601,0.76007677543186,1107,1107,2897
145336,009145,Governors State University,IL,1,1,3,0.5748,0.57479892761394,945,945,2589
145600,001776,University of Illinois Chicago,IL,1,1,3,0.7869,0.78690263984381,1232,1232,21567
145619,001767,Benedictine University,IL,1,2,3,0.9312,0.9311726147123,,,2026
145637,001775,University of Illinois Urbana-Champaign,IL,1,1,3,0.4482,0.4482349779471,1440,1440,34031
145646,001696,Illinois Wesleyan University,IL,1,2,3,0.4222,0.42218693284936,1263,1263,1518
145691,001688,Illinois College,IL,1,2,3,0.7718,0.77181621954979,1076,1076,1011
145725,001691,Illinois Institute of Technology,IL,1,2,3,0.6144,0.61438630401767,1328,1328,2877
145813,001692,Illinois State University,IL,1,1,3,0.8624,0.86236987140232,1111,1111,18019
146427,001704,Knox College,IL,1,2,3,0.7332,0.73317710077,1311,1311,1051
146481,001706,Lake Forest College,IL,1,2,3,0.5972,0.59721329046087,1281,1281,1724
146612,001707,Lewis University,IL,1,2,3,0.7406,0.74062368310155,1133,1133,3650
147013,001722,McKendree University,IL,1,2,3,0.6835,0.68353344768439,,,1528
147244,001724,Millikin University,IL,1,2,3,0.754,0.75396278428669,1087,1087,1603
147341,001725,Monmouth College,IL,1,2,3,0.907,0.9070407040704,1141,1141,761
147660,001734,North Central College,IL,1,2,3,0.6087,0.6087468131006,1138,1138,2304
147703,001737,Northern Illinois University,IL,1,1,3,0.7068,0.70675243634682,,,11408
147767,001739,Northwestern University,IL,1,2,3,0.0721,0.07208208969782,1526,1526,8837
147776,001693,Northeastern Illinois University,IL,1,1,3,0.627,0.62698240278079,,,4058
147828,001741,Olivet Nazarene University,IL,1,2,3,0.578,0.57795351839896,,,2460
148016,001744,Principia College,IL,1,2,3,0.4785,0.47846889952153,1125,1125,316
148131,001745,Quincy University,IL,1,2,3,0.617,0.61704545454545,,,1027
148405,001748,Rockford University,IL,1,2,3,0.5491,0.54911838790931,980,980,908
148487,001749,Roosevelt University,IL,1,2,3,0.8832,0.88321654988321,973,973,2362
148496,001750,Dominican University,IL,1,2,3,0.8953,0.89525112370529,1012,1012,2119
148584,001664,University of St Francis,IL,1,2,3,0.5842,0.58416742493175,1166,1166,1390
148627,001768,Saint Xavier University,IL,1,2,3,0.8413,0.84131239627218,,,2963
148654,009333,University of Illinois Springfield,IL,1,1,3,0.8203,0.82030820033021,1125,1125,2348
149222,001758,Southern Illinois University-Carbondale,IL,1,1,3,0.915,0.91495241019342,1068,1068,7922
149231,001759,Southern Illinois University Edwardsville,IL,1,1,3,0.9751,0.97512064343163,1080,1080,9283
149505,001771,Trinity Christian College,IL,1,2,3,0.7068,0.70679886685552,1088,1088,783
149781,001781,Wheaton College,IL,1,2,3,0.8843,0.88431061806656,1367,1367,2141
150066,001785,Anderson University,IN,1,2,3,0.5175,0.51754062038404,1090,1090,1111
150136,001786,Ball State University,IN,1,1,3,0.6895,0.689487729122,1191,1191,13466
150145,001787,Bethel University,IN,1,2,3,0.9947,0.99468085106382,850,850,1115
150400,001792,DePauw University,IN,1,2,3,0.658,0.65802382620882,1275,1275,1732
150455,001793,Earlham College,IN,1,2,3,0.7324,0.73236363636363,1261,1261,589
150534,001795,University of Evansville,IN,1,2,3,0.7632,0.76324766886513,,,1459
150604,001798,Franklin College,IN,1,2,3,0.9286,0.9286125503742,1096,1096,859
150668,001799,Goshen College,IN,1,2,3,0.9354,0.93541876892028,1132,1132,704
150677,001800,Grace College and Theological Seminary,IN,1,2,3,0.8462,0.84622942765905,1103,1103,1458
150756,001801,Hanover College,IN,1,2,3,0.7411,0.74113586444932,1214,1214,949
151102,001828,Purdue University Fort Wayne,IN,1,1,3,0.8066,0.80659490859388,1101,1101,5482
151111,001813,Indiana University-Indianapolis,IN,1,1,3,0.8289,0.8288674298139,1157,1157,17278
151263,001804,University of Indianapolis,IN,1,2,3,0.7614,0.76137399939203,,,3444
151290,001805,Indiana Institute of Technology,IN,1,2,3,0.6466,0.64662784144279,,,1341
151306,001808,University of Southern Indiana,IN,1,1,3,0.9444,0.9443535188216,1139,1139,5491
151333,001814,Indiana University-Kokomo,IN,1,1,3,0.8575,0.85750507099391,1105,1105,2419
151342,001816,Indiana University-South Bend,IN,1,1,3,0.8688,0.86882453151618,1064,1064,3666
151351,001809,Indiana University-Bloomington,IN,1,1,3,0.8241,0.82412140575079,1322,1322,35401
151360,001815,Indiana University-Northwest,IN,1,1,3,0.8031,0.80313315926892,1068,1068,2711
151379,001817,Indiana University-Southeast,IN,1,1,3,0.8523,0.8523140925637,1124,1124,3133
151777,001820,Manchester University,IN,1,2,3,0.6639,0.66388018112156,,,914
151786,001821,Marian University,IN,1,2,3,0.9384,0.94031773293258,,,2347
152318,001830,Rose-Hulman Institute of Technology,IN,1,2,3,0.7302,0.73019357413689,1398,1398,2154
152530,001838,Taylor University,IN,1,2,3,0.7461,0.74606955693187,1233,1233,1767
152567,001839,Trine University,IN,1,2,3,0.9188,0.91111673841478,,,2250
152600,001842,Valparaiso University,IN,1,2,3,0.9415,0.94153756211634,1260,1260,2342
152673,001844,Wabash College,IN,1,2,3,0.6149,0.61494252873563,1230,1230,835
152992,001846,Briar Cliff University,IA,1,2,4,,,,,624
153108,001850,Central College,IA,1,2,4,0.7924,0.79238578680203,1117,1117,1135
153126,001852,Clarke University,IA,1,2,4,0.848,0.84803001876172,1055,1055,724
153144,001854,Coe College,IA,1,2,4,,,,,1224
153162,001856,Cornell College,IA,1,2,4,0.7933,0.79326136735361,1253,1253,1058
153302,023289,Emmaus Bible College,IA,1,2,4,1,1,1090,1090,188
153375,001867,Grand View University,IA,1,2,4,0.9841,0.98409331919406,,,1525
153384,001868,Grinnell College,IA,1,2,4,0.1076,0.1076322896869,1480,1480,1709
153603,001869,Iowa State University,IA,1,1,4,0.9022,0.90223094119257,1197,1197,24994
153658,001892,University of Iowa,IA,1,1,4,0.86,0.86004119864744,1222,1222,21545
153825,001873,Loras College,IA,1,2,4,0.8984,0.89838709677419,,,1172
153834,001874,Luther College,IA,1,2,4,0.7532,0.75319926873857,1241,1241,1603
153861,011113,Maharishi International University,IA,1,2,4,0.9429,0.94285714285714,,,681
154013,001880,Mount Mercy University,IA,1,2,4,0.7527,0.75270873167622,1090,1090,1201
154095,001890,University of Northern Iowa,IA,1,1,4,0.9495,0.94949934697431,1121,1121,7571
154101,001883,Northwestern College,IA,1,2,4,0.8733,0.87330316742081,,,1106
154235,001889,Saint Ambrose University,IA,1,2,4,0.7392,0.73920312064641,1153,1153,2108
154350,001887,Simpson College,IA,1,2,4,0.891,0.89101338432122,1410,1410,1115
154590,001900,William Penn University,IA,1,2,4,0.5767,0.57674050632911,971,971,1362
154688,001903,Baker University,KS,1,2,4,0.9175,0.91752577319587,1050,1050,1115
154712,010256,Benedictine College,KS,1,2,4,0.9883,0.98825561312607,1220,1220,2155
154749,001905,Bethel College-North Newton,KS,1,2,4,0.9715,0.9715242881072,1082,1082,497
155520,007032,MidAmerica Nazarene University,KS,1,2,4,0.6682,0.66817769718948,1048,1048,975
155681,001926,Pittsburg State University,KS,1,1,4,0.8618,0.86184708554125,1090,1090,4221
155900,001940,Southwestern College,KS,1,2,4,0.7016,0.7016129032258,1026,1026,1050
156125,001950,Wichita State University,KS,1,1,4,0.9485,0.94853354309472,1118,1118,10304
156365,001959,Campbellsville University,KY,1,2,5,,,,,2749
156408,001961,Centre College,KY,1,2,5,0.6285,0.62848751835535,1366,1366,1347
156745,001964,Georgetown College,KY,1,2,5,0.7152,0.71524486571879,1093,1093,1204
157289,001999,University of Louisville,KY,1,1,5,0.8154,0.81541844522054,1153,1153,13822
157377,001975,Midway University,KY,1,2,5,0.9376,0.9375591296121,1113,1113,1187
157401,001977,Murray State University,KY,1,1,5,0.8398,0.83982050531655,1109,1109,6588
157951,002002,Western Kentucky University,KY,1,1,5,0.9695,0.96948700866089,1088,1088,12149
159009,002006,Grambling State University,LA,1,1,5,0.4237,0.4236861721953,938,938,4163
159382,002011,Louisiana State University at Alexandria,LA,1,1,5,0.5767,0.57672502574665,1019,1019,3600
159391,002010,Louisiana State University and Agricultural & Mechanical College,LA,1,1,5,0.7572,0.75718734718039,1221,1221,27729
159416,002013,Louisiana State University-Shreveport,LA,1,1,5,0.8891,0.88911704312115,1091,1091,2137
159568,002007,Louisiana Christian University,LA,1,2,5,0.7461,0.7461139896373,1085,1085,767
159647,002008,Louisiana Tech University,LA,1,1,5,0.6237,0.62369980250164,1190,1190,7434
159717,002017,McNeese State University,LA,1,1,5,0.7124,0.71243669105233,1089,1089,4928
159939,002015,University of New Orleans,LA,1,1,5,0.6976,0.69764254385964,1088,1088,4925
159993,002020,University of Louisiana at Monroe,LA,1,1,5,0.7011,0.70113874041366,1132,1132,5032
160612,002024,Southeastern Louisiana University,LA,1,1,5,0.9898,0.98976877429916,1090,1090,9567
160621,002025,Southern University and A & M College,LA,1,1,5,0.539,0.53897634084268,940,940,5171
160658,002031,University of Louisiana at Lafayette,LA,1,1,5,0.8922,0.8921880523153,,,11932
160755,002029,Tulane University of Louisiana,LA,1,2,5,0.1145,0.11453424007591,1443,1443,7870
160904,002032,Xavier University of Louisiana,LA,1,2,5,0.9516,0.95160740656594,1103,1103,2681
161004,002038,Bowdoin College,ME,1,2,1,0.0919,0.09193686006825,1520,1520,1909
161086,002039,Colby College,ME,1,2,1,0.0761,0.07613972764949,1501,1501,2299
161226,002040,University of Maine at Farmington,ME,1,1,1,0.9417,0.94171997157071,1110,1110,1217
161253,002053,University of Maine,ME,1,1,1,0.9396,0.93961786831768,1202,1202,8720
161341,002033,University of Maine at Presque Isle,ME,1,1,1,0.9699,0.96994535519125,,,1100
161554,002054,University of Southern Maine,ME,1,1,1,0.8543,0.85425685425685,1109,1109,4322
161563,002052,Thomas College,ME,1,2,1,0.9724,0.97238204833141,,,673
162210,002067,Washington Adventist University,MD,1,2,2,0.5143,0.51430907604251,,,499
162283,002068,Coppin State University,MD,1,1,2,0.4495,0.44953016065474,940,940,1708
162584,002072,Frostburg State University,MD,1,1,2,0.8788,0.87877263581488,,,2874
162760,002076,Hood College,MD,1,2,2,0.7787,0.77866666666666,,,1182
163046,002078,Loyola University Maryland,MD,1,2,2,0.8348,0.83480244737115,1285,1285,3968
163268,002105,University of Maryland-Baltimore County,MD,1,1,2,0.8055,0.80553147216923,1295,1295,10557
163286,002103,University of Maryland-College Park,MD,1,1,2,0.4461,0.44608093585384,1461,1461,29982
163453,002083,Morgan State University,MD,1,1,2,0.8538,0.85378450578806,971,971,7599
164076,002099,Towson University,MD,1,1,2,0.786,0.78598761958356,1138,1138,16734
164155,002101,United States Naval Academy,MD,1,1,0,0.1075,0.10752688172043,1326,1326,4450
164216,002108,Washington College,MD,1,2,2,0.7471,0.74706342991386,1259,1259,935
164465,002115,Amherst College,MA,1,2,1,0.0726,0.0725914962325,1513,1513,1898
164562,002118,Assumption University,MA,1,2,1,0.823,0.82304832713754,,,1676
164924,002128,Boston College,MA,1,2,1,0.1666,0.16664197165012,1500,1500,9751
164988,002130,Boston University,MA,1,2,1,0.1437,0.14365810188623,1454,1454,17668
165015,002133,Brandeis University,MA,1,2,1,0.3941,0.39407078753655,1473,1473,3675
165024,002183,Bridgewater State University,MA,1,1,1,0.8771,0.87714318156012,1110,1110,7911
165334,002139,Clark University,MA,1,2,1,0.5032,0.50324342779105,1373,1373,2363
165529,002143,Curry College,MA,1,2,1,0.8752,0.8751844823951,,,1804
165644,002145,Eastern Nazarene College,MA,1,2,1,0.6192,0.61918604651162,1035,1035,408
165671,002147,Emmanuel College,MA,1,2,1,0.7969,0.79692360871068,1233,1233,1855
165699,002148,Endicott College,MA,1,2,1,0.7331,0.73314917127071,1205,1205,2999
165820,002184,Fitchburg State University,MA,1,1,1,0.8606,0.86057068741893,1124,1124,2911
165936,002153,Gordon College,MA,1,2,1,0.8834,0.88336783988957,1215,1215,1255
166018,004661,Hampshire College,MA,1,2,1,0.689,0.688995215311,,,505
166027,002155,Harvard University,MA,1,2,1,0.0324,0.03240718054262,1553,1553,7973
166124,002141,College of the Holy Cross,MA,1,2,1,0.3636,0.36355884025014,1361,1361,3062
166489,002671,Longy School of Music of Bard College,MA,0,2,1,0.8902,0.47737421851741,,,40
166513,002161,University of Massachusetts-Lowell,MA,1,1,1,0.8595,0.85954460132212,1255,1255,11985
166629,002221,University of Massachusetts-Amherst,MA,1,1,1,0.6352,0.63521154650062,1376,1376,24111
166638,002222,University of Massachusetts-Boston,MA,1,1,1,0.8076,0.80755432554325,1198,1198,11749
166683,002178,Massachusetts Institute of Technology,MA,1,2,1,0.0396,0.03959487073177,1560,1560,4638
166850,002120,Merrimack College,MA,1,2,1,0.7463,0.74633776091081,,,4065
166939,002192,Mount Holyoke College,MA,1,2,1,0.3976,0.39762975071516,1432,1432,2183
167394,002140,College of Our Lady of the Elms,MA,1,2,1,0.9091,0.9090909090909,1140,1140,915
167792,002671,Simon's Rock at Bard College,NY,0,2,2,0.9545,0.47737421851741,,,263
167835,002209,Smith College,MA,1,2,1,0.2286,0.22864217911679,1455,1455,2515
167996,002217,Stonehill College,MA,1,2,1,0.7344,0.73435135506947,,,2466
168005,002218,Suffolk University,MA,1,2,1,0.8679,0.86792452830188,1204,1204,4325
168148,002219,Tufts University,MA,1,2,1,0.0969,0.09692678172123,1513,1513,6747
168227,002225,Wentworth Institute of Technology,MA,1,2,1,0.8709,0.87086870146288,1215,1215,3557
168254,002226,Western New England University,MA,1,2,1,0.8801,0.88005874673629,1194,1194,2402
168263,002189,Westfield State University,MA,1,1,1,0.8151,0.81509433962264,,,3693
168281,002227,Wheaton College (Massachusetts),MA,1,2,1,0.7948,0.7948399900769,1346,1346,1653
168342,002229,Williams College,MA,1,2,1,0.085,0.08498139808106,1540,1540,2138
168421,002233,Worcester Polytechnic Institute,MA,1,2,1,0.5748,0.5747909302526,,,5146
168528,002234,Adrian College,MI,1,2,3,0.6906,0.69059777711024,1050,1050,1688
168546,002235,Albion College,MI,1,2,3,0.6652,0.66515306869781,,,1445
168591,002236,Alma College,MI,1,2,3,0.6465,0.64650059311981,,,1222
168740,002238,Andrews University,MI,1,2,3,0.9127,0.91272430668841,1184,1184,1249
168847,004673,Baker College,MI,1,2,3,0.3665,0.36647454370797,,,3230
169080,002241,Calvin University,MI,1,2,3,0.7421,0.74209365040451,1263,1263,2833
169248,002243,Central Michigan University,MI,1,1,3,0.7895,0.78947103781174,1104,1104,10297
169363,003842,Concordia University Ann Arbor,MI,0,2,3,0.7018,0.70305121685434,1050,1136,843
169479,002249,Davenport University,MI,1,2,3,0.9781,0.97810002959455,,,3412
169716,002323,University of Detroit Mercy,MI,1,2,3,0.9053,0.90528762347472,1090,1090,2322
169798,002259,Eastern Michigan University,MI,1,1,3,0.8323,0.83227069632009,1056,1056,11201
169983,002262,Kettering University,MI,1,2,3,0.8075,0.80746023038946,1266,1266,1401
170037,002266,Cornerstone University,MI,1,2,3,0.8178,0.81775700934579,,,1383
170639,002293,Lake Superior State University,MI,1,1,3,0.7691,0.76910299003322,1097,1097,1468
170675,002279,Lawrence Technological University,MI,1,2,3,0.8191,0.81907765076862,,,1864
170806,002282,Madonna University,MI,1,2,3,0.6484,0.64839034205231,,,1693
171128,002292,Michigan Technological University,MI,1,1,3,0.9368,0.93677942480679,1245,1245,5633
171146,002327,University of Michigan-Flint,MI,1,1,3,0.6635,0.66351791530944,1071,1071,4029
172334,002318,Spring Arbor University,MI,1,2,3,0.4732,0.47318339100346,1078,1078,1021
172699,002330,Western Michigan University,MI,1,1,3,0.8455,0.84551973074484,1105,1105,13264
173045,002334,Augsburg University,MN,1,2,4,0.7651,0.76511831726555,,,2334
173124,002336,Bemidji State University,MN,1,1,4,0.7752,0.77524788835842,1090,1090,3187
173142,002337,Bethany Lutheran College,MN,1,2,4,0.585,0.58496240601503,1147,1147,641
173258,002340,Carleton College,MN,1,2,4,0.1663,0.16625888384014,1486,1486,2007
173300,002346,Concordia College at Moorhead,MN,1,2,4,0.6553,0.6552729199788,1220,1220,1800
173328,002347,Concordia University-Saint Paul,MN,1,2,4,0.6909,0.69085173501577,1190,1190,2760
173647,002353,Gustavus Adolphus College,MN,1,2,4,0.739,0.7389579476329,1320,1320,2069
173920,002360,Minnesota State University-Mankato,MN,1,1,4,0.7068,0.70677905308464,1090,1090,11354
174020,010374,Metropolitan State University,MN,1,1,4,0.817,0.81699346405228,1150,1150,5152
174066,003969,University of Minnesota-Twin Cities,MN,1,1,4,0.7491,0.74814003261312,1355,1351,30560
174233,002388,University of Minnesota-Duluth,MN,1,1,4,0.807,0.80698065601345,1220,1220,7754
174251,002389,University of Minnesota-Morris,MN,1,1,4,0.7766,0.77658391997035,,,1024
174358,002367,Minnesota State University Moorhead,MN,1,1,4,0.5662,0.56618778860954,1090,1090,3462
174437,002369,North Central University,MN,1,2,4,0.9081,0.90808823529411,,,827
174491,002371,University of Northwestern-St Paul,MN,1,2,4,0.9251,0.92512972572275,1186,1186,1512
174747,002341,College of Saint Benedict,MN,1,2,4,0.878,0.87803433984606,1186,1186,1428
174783,002377,Saint Cloud State University,MN,1,1,4,0.9528,0.95280665280665,1093,1093,5395
174792,002379,Saint Johns University,MN,1,2,4,0.8624,0.86243718592964,1144,1144,1501
174817,002380,Saint Mary's University of Minnesota,MN,1,2,4,0.9683,0.96825396825396,1150,1150,1080
174844,002382,St Olaf College,MN,1,2,4,0.564,0.56400506970849,1377,1377,3019
174914,002345,University of St Thomas,MN,1,2,4,0.77,0.76996097458074,1290,1290,5868
175078,002375,Southwest Minnesota State University,MN,1,1,4,0.9159,0.91591784338896,1050,1050,1956
175272,002394,Winona State University,MN,1,1,4,0.7375,0.73746972237749,1121,1121,5254
175421,002397,Belhaven University,MS,1,2,5,0.426,0.42603321745847,1059,1059,1414
175856,002410,Jackson State University,MS,1,1,5,0.8864,0.88635460542001,1022,1022,4905
176053,002415,Mississippi Christian University,MS,1,2,5,0.3999,0.3999171156237,1190,1190,2098
176318,002433,Rust College,MS,1,2,5,0.7876,0.78759627077421,1003,1003,731
176406,002439,Tougaloo College,MS,1,2,5,0.4931,0.49307774227902,,,541
176789,002450,Calvary University,MO,1,2,4,0.6316,0.63157894736842,1058,1058,202
176947,002453,Central Methodist University-College of Liberal Arts and Sciences,MO,1,2,4,0.9786,0.97893850042123,1045,1045,1074
176965,002454,University of Central Missouri,MO,1,1,4,0.7134,0.71339875826156,1090,1090,5920
177065,002456,Columbia College,MO,1,2,4,,,,,5486
177144,002460,Culver-Stockton College,MO,1,2,4,0.9695,0.96950240770465,1120,1120,854
177214,002461,Drury University,MO,1,2,4,0.6343,0.63434089000839,1221,1221,1369
178059,002482,Maryville University of Saint Louis,MO,1,2,4,0.8776,0.87760479041916,,,5781
178369,002489,Missouri Valley College,MO,1,2,4,0.6124,0.61239035087719,1000,1000,1269
178387,002490,Missouri Western State University,MO,1,1,4,,,,,2628
178402,002518,University of Missouri-Kansas City,MO,1,1,4,0.6948,0.69478764478764,1231,1231,6479
178420,002519,University of Missouri-St Louis,MO,1,1,4,0.5111,0.51111679018655,1146,1146,5378
178615,002495,Truman State University,MO,1,1,4,0.4505,0.45052931596091,1246,1246,2920
178697,002500,College of the Ozarks,MO,1,2,4,0.2113,0.21125502456453,1124,1124,1481
178721,002498,Park University,MO,1,2,4,,,,,6061
179043,002499,Rockhurst University,MO,1,2,4,0.6646,0.66455294863665,1221,1221,1732
179159,002506,Saint Louis University,MO,1,2,4,0.8471,0.84714307716001,1340,1340,7332
179326,002502,Southwest Baptist University,MO,1,2,4,0.9955,0.99545970488081,1081,1081,1475
179566,002503,Missouri State University-Springfield,MO,1,1,4,0.9256,0.92561038961038,1147,1147,13332
179867,002520,Washington University in St Louis,MO,1,2,4,0.1176,0.11757356156681,1525,1525,7801
179894,002521,Webster University,MO,1,2,4,0.551,0.55095541401273,1153,1153,2174
180081,002531,Highlands College of Montana Tech,MT,0,1,7,,0.89470688673875,,1131,322
180106,002526,Carroll College,MT,1,2,7,0.7808,0.78077682685977,1108,1108,1108
180258,002527,University of Providence,MT,1,2,7,0.9548,0.95477386934673,1010,1010,593
180416,002531,Montana Technological University,MT,1,1,7,0.8947,0.89470688673875,1131,1131,1424
180461,002532,Montana State University,MT,1,1,7,0.7333,0.73334722511634,1158,1158,14343
180489,002536,The University of Montana,MT,1,1,7,0.9538,0.95381862909538,,,6937
180595,002534,Rocky Mountain College,MT,1,2,7,0.7517,0.7517146776406,1054,1054,834
180984,002541,Concordia University-Nebraska,NE,1,2,4,0.9084,0.90841121495327,1116,1116,1138
181002,002542,Creighton University,NE,1,2,4,0.7569,0.75692616271781,1344,1344,4261
181020,002544,Doane University,NE,1,2,4,0.7583,0.75832053251408,,,988
181127,002548,Hastings College,NE,1,2,4,0.7133,0.71334276284771,1250,1250,918
181394,002554,University of Nebraska at Omaha,NE,1,1,4,0.8586,0.85861561119293,1120,1120,11866
181464,002565,University of Nebraska-Lincoln,NE,1,1,4,0.7864,0.78640980002094,1192,1192,19097
181765,002565,Nebraska College of Technical Agriculture,NE,0,1,4,,0.78640980002094,,1192,242
182281,002569,University of Nevada-Las Vegas,NV,1,1,8,0.8531,0.85310734463276,1092,1092,24329
182290,002568,University of Nevada-Reno,NV,1,1,8,0.8562,0.85624600978931,,,15896
182670,002573,Dartmouth College,NH,1,2,1,0.0638,0.06380575945793,1539,1539,4412
183026,002580,Southern New Hampshire University,NH,1,2,1,0.9637,0.96374194265392,,,138138
183080,002591,Plymouth State University,NH,1,1,1,0.9755,0.97549433834713,,,3286
183239,002587,Saint Anselm College,NH,1,2,1,0.823,0.8229937393284,1218,1218,1955
183822,002597,Bloomfield College of Montclair State University,NJ,1,2,2,0.7818,0.78178262084381,862,862,1152
183910,002598,Caldwell University,NJ,1,2,2,0.6637,0.66370882839524,1136,1136,1595
183974,002599,Centenary University,NJ,1,2,2,0.9654,0.96541353383458,,,1015
184348,002603,Drew University,NJ,1,2,2,0.7266,0.72658884565499,1245,1245,1419
184603,002607,Fairleigh Dickinson University-Metropolitan Campus,NJ,1,2,2,0.8409,0.86643717728055,1059,1125,2415
184694,002607,Fairleigh Dickinson University-Florham Campus,NJ,0,2,2,0.8912,0.86643717728055,1178,1125,2012
185590,002617,Montclair State University,NJ,1,1,2,0.9131,0.91314916094049,1080,1080,16902
185828,002621,New Jersey Institute of Technology,NJ,1,1,2,0.6599,0.6598770176787,1325,1325,8365
186131,002627,Princeton University,NJ,1,2,2,0.057,0.05699781688103,1553,1553,5527
186283,002628,Rider University,NJ,1,2,2,0.8413,0.84132762312633,1214,1214,3105
186618,002600,Saint Elizabeth University,NJ,1,2,2,0.7192,0.71922685656154,,,672
186867,002639,Stevens Institute of Technology,NJ,1,2,2,0.4622,0.46224,1455,1455,4054
186876,009345,Stockton University,NJ,1,1,2,0.8554,0.85538525701178,1150,1150,8105
187967,002654,New Mexico Institute of Mining and Technology,NM,1,1,6,0.7443,0.74426229508196,,,1160
188340,002665,Vaughn College of Aeronautics and Technology,NY,1,2,2,,,,,1175
189088,002671,Bard College,NY,1,2,2,0.4608,0.47737421851741,,,2174
189705,002681,Canisius University,NY,1,2,2,0.7773,0.77729363350278,1200,1200,1750
190044,002699,Clarkson University,NY,1,2,2,0.7842,0.78419775553533,1282,1282,2587
190099,002701,Colgate University,NY,1,2,2,0.1243,0.12430716755886,1480,1480,3124
190150,002707,Columbia University in the City of New York,NY,1,2,2,0.0395,0.0394881650487,1540,1540,8902
190415,002711,Cornell University,NY,1,2,2,0.0747,0.07468747741888,1527,1527,15676
190424,002711,Weill Medical College of Cornell University,NY,0,2,2,,0.07468747741888,,1527,
190512,007273,CUNY Bernard M Baruch College,NY,1,1,2,0.4953,0.4953489277235,,,15554
190549,002687,CUNY Brooklyn College,NY,1,1,2,0.5454,0.5454482519903,,,10785
190558,002698,College of Staten Island CUNY,NY,1,1,2,,,,,8987
190567,002688,CUNY City College,NY,1,1,2,0.666,0.66601283880171,,,11481
190576,004765,CUNY Graduate School and University Center,NY,1,1,2,0.2381,0.23809523809523,,,2666
190594,002689,CUNY Hunter College,NY,1,1,2,0.4786,0.47861183125147,,,16549
190600,002693,CUNY John Jay College of Criminal Justice,NY,1,1,2,0.5066,0.50656670388685,,,11726
190637,007022,CUNY Lehman College,NY,1,1,2,0.5531,0.55306167891338,,,10485
190646,010097,CUNY Medgar Evers College,NY,1,1,2,0.8765,0.87648229896996,,,3239
190664,002690,CUNY Queens College,NY,1,1,2,0.6948,0.69476796273069,,,13513
190691,004759,CUNY York College,NY,1,1,2,0.5914,0.59142254220456,,,4822
191649,002732,Hofstra University,NY,1,2,2,0.6933,0.69330279509691,1285,1285,6051
191931,002737,Iona University,NY,1,2,2,0.964,0.9640333975594,1122,1122,2633
191968,002739,Ithaca College,NY,1,2,2,0.752,0.751968503937,1308,1308,4601
192448,002751,Long Island University,NY,1,2,2,0.9265,0.92652804912084,1219,1219,5751
192749,002760,Manhattanville University,NY,1,2,2,0.8412,0.84122228879568,,,1276
192819,002765,Marist University,NY,1,2,2,0.6285,0.62848805398504,1288,1288,5069
193016,002772,Mercy University,NY,1,2,2,0.8586,0.85857305791407,1124,1124,5510
193900,002785,New York University,NY,1,2,2,0.1246,0.12456537720291,1527,1527,29136
194161,002790,Alliance University,NY,1,2,2,1,1,,,761
194310,002791,Pace University,NY,1,2,2,0.8293,0.82929395408259,1220,1220,7766
194824,002803,Rensselaer Polytechnic Institute,NY,1,2,2,0.6451,0.6450809464508,1457,1457,5886
194958,002805,Roberts Wesleyan University,NY,1,2,2,0.8502,0.85017421602787,1294,1294,1033
195003,002806,Rochester Institute of Technology,NY,1,2,2,0.6717,0.67171338004671,1370,1370,13152
195030,002894,University of Rochester,NY,1,2,2,0.3891,0.38906140438745,1473,1473,6569
195234,002705,The College of Saint Rose,NY,1,2,2,0.7801,0.7801302931596,1155,1155,1420
195243,002832,St. Thomas Aquinas College,NY,1,2,2,0.8867,0.88665132336018,1110,1110,1016
195544,002825,St. Joseph's University-New York,NY,1,2,2,0.7671,0.7670692057594,1177,1177,3531
196042,002858,Farmingdale State College,NY,1,1,2,0.7317,0.73171490818549,1081,1081,8915
196060,002835,University at Albany,NY,1,1,2,0.679,0.67904989220819,1193,1193,12175
196079,002836,Binghamton University,NY,1,1,2,0.4175,0.4174631381778,1426,1426,14398
196088,002837,University at Buffalo,NY,1,1,2,0.6771,0.67707424286499,1288,1288,20569
196097,002838,Stony Brook University,NY,1,1,2,0.4914,0.49139782292103,1410,1410,17406
196112,011678,SUNY Polytechnic Institute,NY,1,1,2,0.8167,0.81671805412812,,,1852
196121,002841,SUNY Brockport,NY,1,1,2,0.6794,0.67942210074189,1156,1156,5107
196158,002844,SUNY at Fredonia,NY,1,1,2,0.8458,0.84576897976941,1166,1166,3193
196185,002847,SUNY Oneonta,NY,1,1,2,0.7253,0.72531581606872,1184,1184,4849
196194,002848,State University of New York at Oswego,NY,1,1,2,0.8256,0.82556750298685,1174,1174,5957
196200,002850,SUNY College at Potsdam,NY,1,1,2,0.8268,0.82681388012618,,,2078
196246,002849,State University of New York at Plattsburgh,NY,1,1,2,0.7024,0.70241559953434,1160,1160,3925
196592,010142,Touro University,NY,1,2,2,0.7131,0.71307189542483,1343,1343,4005
197197,002899,Wagner College,NY,1,2,2,0.6854,0.68544423440453,1202,1202,1571
197230,002901,Wells College,NY,1,2,2,0.8768,0.87679269882659,,,349
197869,002906,Appalachian State University,NC,1,1,5,0.8308,0.83077960008986,1187,1187,18467
198385,002918,Davidson College,NC,1,2,5,0.1695,0.1694705973144,1435,1435,1922
198419,002920,Duke University,NC,1,2,5,0.0635,0.06345969289827,1554,1554,6570
198464,002923,East Carolina University,NC,1,1,5,0.9234,0.92335032502455,,,20385
198507,002926,Elizabeth City State University,NC,1,1,5,0.7415,0.74153297682709,1003,1003,1912
198516,002927,Elon University,NC,1,2,5,0.7446,0.7446299356162,1278,1278,6337
198543,002928,Fayetteville State University,NC,1,1,5,0.8124,0.81243926141885,915,915,5218
198561,002929,Gardner-Webb University,NC,1,2,5,0.7495,0.74947625698324,1114,1114,1811
198695,002933,High Point University,NC,1,2,5,0.7888,0.78876747549413,1220,1220,4965
198950,002945,Meredith College,NC,1,2,5,0.7318,0.73183098591549,1220,1220,1294
198969,002946,Methodist University,NC,1,2,5,0.7568,0.75677930746766,1183,1183,1442
199102,002905,North Carolina A & T State University,NC,1,1,5,0.5639,0.56385373806381,1050,1050,11553
199111,002907,University of North Carolina Asheville,NC,1,1,5,0.7431,0.74310425432445,1210,1210,2803
199120,002974,University of North Carolina at Chapel Hill,NC,1,1,5,0.1711,0.17108322535986,1449,1449,19921
199139,002975,University of North Carolina at Charlotte,NC,1,1,5,0.7964,0.79639428705221,1162,1162,23063
199148,002976,University of North Carolina at Greensboro,NC,1,1,5,0.9194,0.91940946591402,1190,1190,13862
199193,002972,North Carolina State University at Raleigh,NC,1,1,5,0.4717,0.47174426450742,1370,1370,25109
199218,002984,University of North Carolina Wilmington,NC,1,1,5,0.6883,0.68831553973902,1266,1266,13960
199281,002954,University of North Carolina at Pembroke,NC,1,1,5,0.8974,0.89736842105263,,,5544
199643,002962,Shaw University,NC,1,2,5,0.6103,0.61026694045174,,,918
199847,002978,Wake Forest University,NC,1,2,5,0.2137,0.21367977694726,,,5446
199999,002986,Winston-Salem State University,NC,1,1,5,0.7339,0.73387519664394,921,921,4449
200004,002981,Western Carolina University,NC,1,1,5,0.8484,0.84841212256516,1127,1127,9809
200217,002992,University of Mary,ND,1,2,4,0.8139,0.81387591727818,1195,1195,2149
200332,002997,North Dakota State University-Main Campus,ND,1,1,4,0.9568,0.9567662565905,1120,1120,9795
200800,003123,University of Akron Main Campus,OH,1,1,3,0.8396,0.83973477803832,1114,1110,10104
200846,003123,University of Akron Wayne College,OH,0,1,3,0.8464,0.83973477803832,1043,1110,592
201104,003012,Ashland University,OH,1,2,3,0.7176,0.71763417305585,1151,1151,2332
201195,003014,Baldwin Wallace University,OH,1,2,3,0.7704,0.77039489240955,1161,1161,2708
201548,003023,Capital University,OH,1,2,3,0.7215,0.72151029748283,1092,1092,1905
201645,003024,Case Western Reserve University,OH,1,2,3,0.2741,0.27407560528151,1487,1487,5927
201654,003025,Cedarville University,OH,1,2,3,0.6488,0.64875804967801,1250,1250,3851
201690,003026,Central State University,OH,1,1,3,0.8883,0.8883062401678,,,5395
202134,003032,Cleveland State University,OH,1,1,3,0.8532,0.85324114088159,1020,1020,9502
202480,003127,University of Dayton,OH,1,2,3,0.7405,0.74051102629346,1284,1284,8349
202523,003042,Denison University,OH,1,2,3,0.2196,0.21963993453355,1389,1389,2406
202763,003045,The University of Findlay,OH,1,2,3,0.8598,0.85979495705181,,,2257
202806,003046,Franklin University,OH,1,2,3,,,,,5117
203085,003048,Heidelberg University,OH,1,2,3,0.7135,0.71349250416435,,,913
203128,003049,Hiram College,OH,1,2,3,0.9314,0.93143459915611,,,737
203368,003050,John Carroll University,OH,1,2,3,0.8237,0.82366589327146,1264,1264,2358
203447,003051,Kent State University at Ashtabula,OH,0,1,3,,0.88021012322647,,1093,1331
203456,003051,Kent State University at East Liverpool,OH,0,1,3,,0.88021012322647,,1093,736
203465,003051,Kent State University at Stark,OH,0,1,3,,0.88021012322647,,1093,2602
203474,003051,Kent State University at Trumbull,OH,0,1,3,,0.88021012322647,,1093,1471
203483,003051,Kent State University at Tuscarawas,OH,0,1,3,,0.88021012322647,,1093,1591
203492,003051,Kent State University at Salem,OH,0,1,3,,0.88021012322647,,1093,1008
203517,003051,Kent State University at Kent,OH,1,1,3,0.8802,0.88021012322647,1093,1093,19179
203526,003051,Kent State University at Geauga,OH,0,1,3,,0.88021012322647,,1093,1517
203757,003069,Lourdes University,OH,1,2,3,0.6044,0.60443622920517,,,749
203775,003072,Malone University,OH,1,2,3,0.7756,0.77562724014336,1091,1091,818
203845,003073,Marietta College,OH,1,2,3,0.8285,0.82853668423186,1075,1075,1064
204006,003077,Miami University-Hamilton,OH,0,1,3,,0.87921098560937,,1312,2065
204015,003077,Miami University-Middletown,OH,0,1,3,,0.87921098560937,,1312,946
204024,003077,Miami University-Oxford,OH,1,1,3,0.8792,0.87921098560937,1312,1312,16721
204200,003033,Mount St. Joseph University,OH,1,2,3,0.5435,0.54348848142924,1183,1183,1045
204264,003084,Muskingum University,OH,1,2,3,0.8639,0.86394052044609,1024,1024,1436
204617,003035,Ohio Dominican University,OH,1,2,3,0.5242,0.52424519670631,1220,1220,795
204635,003089,Ohio Northern University,OH,1,2,3,0.5437,0.54369811320754,1282,1282,2402
204802,003100,Ohio University-Eastern Campus,OH,0,1,3,,0.86516134198094,,1188,288
204820,003100,Ohio University-Chillicothe Campus,OH,0,1,3,,0.86516134198094,,1188,758
204839,003100,Ohio University-Southern Campus,OH,0,1,3,,0.86516134198094,,1188,534
204848,003100,Ohio University-Lancaster Campus,OH,0,1,3,,0.86516134198094,,1188,633
204857,003100,Ohio University-Main Campus,OH,1,1,3,0.8652,0.86516134198094,1188,1188,17611
204866,003100,Ohio University-Zanesville Campus,OH,0,1,3,,0.86516134198094,,1188,560
204909,003109,Ohio Wesleyan University,OH,1,2,3,0.5218,0.52178812922614,1239,1239,1401
205203,003116,University of Rio Grande,OH,1,2,3,,,,,704
205957,003036,Franciscan University of Steubenville,OH,1,2,3,0.6665,0.6665309446254,1214,1214,2605
206048,003121,Tiffin University,OH,1,2,3,0.8284,0.82836710369487,,,1985
206437,003135,Walsh University,OH,1,2,3,0.7251,0.72508461827754,1186,1186,1454
206491,003141,Wilberforce University,OH,1,2,3,0.4512,0.45121951219512,910,910,472
206525,003143,Wittenberg University,OH,1,2,3,0.9393,0.93929286190793,1216,1216,1235
206589,003037,The College of Wooster,OH,1,2,3,0.5627,0.56268100951592,1364,1364,1960
206622,003144,Xavier University,OH,1,2,3,0.8454,0.84537611215961,1238,1238,4837
206695,003145,Youngstown State University,OH,1,1,3,0.806,0.80604197299826,1082,1082,7741
206914,003150,Cameron University,OK,1,1,6,,,,,2643
207209,003157,Langston University,OK,1,1,6,,,,,1774
207263,003161,Northeastern State University,OK,1,1,6,0.9946,0.99462365591397,1046,1046,4885
207324,003165,Oklahoma Christian University,OK,1,2,6,0.9602,0.96022031823745,1147,1147,1856
207342,003184,University of Oklahoma-Health Sciences Center,OK,0,1,6,,0.72916279933172,,1240,985
207403,003164,Oklahoma Baptist University,OK,1,2,6,0.4734,0.47340581839553,1054,1054,1246
207500,003184,University of Oklahoma-Norman Campus,OK,1,1,6,0.7292,0.72916279933172,1240,1240,20842
207971,003185,University of Tulsa,OK,1,2,6,0.6918,0.69182859990034,1239,1239,2612
209056,003197,Lewis & Clark College,OR,1,2,8,0.6859,0.68587723247786,1366,1366,2187
209065,003198,Linfield University,OR,1,2,8,0.8869,0.88689915174363,,,1667
209542,003210,Oregon State University,OR,1,1,8,0.8253,0.82261784633126,,,28407
209612,003212,Pacific University,OR,1,2,8,0.9228,0.92279811525915,1150,1150,1546
209807,003216,Portland State University,OR,1,1,8,0.9309,0.93086045924804,,,14299
209825,003224,University of Portland,OR,1,2,8,0.9251,0.92511361391029,1326,1326,3368
210401,003227,Willamette University,OR,1,2,8,0.806,0.80595893840761,,,1335
210669,003230,Allegheny College,PA,1,2,2,0.6965,0.69648023143683,1269,1269,1324
211273,003237,Bryn Mawr College,PA,1,2,2,0.3075,0.30745687256538,1404,1404,1402
211440,003242,Carnegie Mellon University,PA,1,2,2,0.113,0.11304398587315,1546,1546,7005
212009,003253,Dickinson College,PA,1,2,2,0.3492,0.3492313279264,,,2083
212054,003256,Drexel University,PA,1,2,2,0.7961,0.79608531317494,1333,1333,13933
212106,003258,Duquesne University,PA,1,2,2,0.8749,0.87491919844861,1257,1257,5087
212133,003259,Eastern University,PA,1,2,2,0.9662,0.96618852459016,,,1692
212577,003265,Franklin and Marshall College,PA,1,2,2,0.3623,0.36232208898352,1386,1386,1986
212601,003266,Gannon University,PA,1,2,2,0.8085,0.80847559149445,,,2588
212674,003268,Gettysburg College,PA,1,2,2,0.5631,0.5631469979296,1372,1372,2236
212805,003269,Grove City College,PA,1,2,2,0.7098,0.7097516099356,1277,1277,2160
212911,003274,Haverford College,PA,1,2,2,0.1421,0.14212480113134,1506,1506,1417
213251,003279,Juniata College,PA,1,2,2,0.7616,0.76160749122122,1244,1244,1116
213303,003280,Keystone College,PA,1,2,2,0.8066,0.80661577608142,1030,1030,1009
213321,003282,King's College,PA,1,2,2,0.9599,0.95988805970149,1162,1162,1595
213358,003987,La Roche University,PA,1,2,2,0.9736,0.97361887026691,1094,1094,794
213367,003287,La Salle University,PA,1,2,2,0.9425,0.94246260069044,1140,1140,2275
213507,003288,Lebanon Valley College,PA,1,2,2,0.7674,0.76741214057508,1201,1201,1618
213543,003289,Lehigh University,PA,1,2,2,0.3698,0.36978170546725,1418,1418,5612
213826,003296,Marywood University,PA,1,2,2,0.8076,0.80756143667296,1113,1113,1793
213996,003298,Messiah University,PA,1,2,2,0.7941,0.79409351927809,1229,1229,2327
214157,003301,Moravian University,PA,1,2,2,0.6702,0.67021924482338,1149,1149,1864
214175,003304,Muhlenberg College,PA,1,2,2,0.6551,0.65511665511665,1332,1332,1933
214591,003329,Pennsylvania State University-Penn State Erie-Behrend College,PA,0,1,2,0.9544,0.69702074056714,1207,1264,3149
214607,003329,Pennsylvania State University-Penn State Great Valley,PA,0,1,2,,0.69702074056714,,1264,
214625,003329,Pennsylvania State University-Penn State New Kensington,PA,0,1,2,0.9145,0.69702074056714,1156,1264,440
214634,003329,Pennsylvania State University-Penn State Shenango,PA,0,1,2,0.8698,0.69702074056714,,1264,223
214643,003329,Pennsylvania State University-Penn State Wilkes-Barre,PA,0,1,2,0.9525,0.69702074056714,1190,1264,351
214652,003329,Pennsylvania State University-Penn State Scranton,PA,0,1,2,0.9399,0.69702074056714,1130,1264,860
214670,003329,Pennsylvania State University-Penn State Lehigh Valley,PA,0,1,2,0.9408,0.69702074056714,1172,1264,843
214689,003329,Pennsylvania State University-Penn State Altoona,PA,0,1,2,0.9576,0.69702074056714,1163,1264,2565
214698,003329,Pennsylvania State University-Penn State Beaver,PA,0,1,2,0.932,0.69702074056714,1164,1264,503
214704,003329,Pennsylvania State University-Penn State Berks,PA,0,1,2,0.9729,0.69702074056714,1193,1264,2024
214713,003329,Pennsylvania State University-Penn State Harrisburg,PA,0,1,2,0.9555,0.69702074056714,1213,1264,4053
214731,003329,Pennsylvania State University-Penn State Brandywine,PA,0,1,2,0.9619,0.69702074056714,1179,1264,1189
214740,003329,Pennsylvania State University-Penn State DuBois,PA,0,1,2,0.9237,0.69702074056714,1130,1264,326
214759,003329,Pennsylvania State University-Penn State Fayette- Eberly,PA,0,1,2,0.8073,0.69702074056714,1129,1264,420
214768,003329,Pennsylvania State University-Penn State Hazleton,PA,0,1,2,0.8991,0.69702074056714,1145,1264,470
214777,003329,Pennsylvania State University-Main Campus,PA,1,1,2,0.5521,0.69702074056714,1308,1264,41417
214786,003329,Pennsylvania State University-Penn State Greater Allegheny,PA,0,1,2,0.8765,0.69702074056714,1130,1264,356
214795,003329,Pennsylvania State University-Penn State Mont Alto,PA,0,1,2,0.9116,0.69702074056714,1130,1264,626
214801,003329,Pennsylvania State University-Penn State Abington,PA,0,1,2,0.9341,0.69702074056714,1188,1264,3072
214810,003329,Pennsylvania State University-Penn State Schuylkill,PA,0,1,2,0.8578,0.69702074056714,1070,1264,593
214829,003329,Pennsylvania State University-Penn State York,PA,0,1,2,0.9287,0.69702074056714,1194,1264,662
215062,003378,University of Pennsylvania,PA,1,2,2,0.065,0.06501428885469,1546,1546,10572
215114,003351,Cairn University-Langhorne,PA,1,2,2,0.8098,0.80982905982906,,,780
215266,003379,University of Pittsburgh-Bradford,PA,0,1,2,0.9355,0.5746237490526,1071,1338,1051
215275,003379,University of Pittsburgh-Greensburg,PA,0,1,2,0.976,0.5746237490526,1158,1338,1323
215284,003379,University of Pittsburgh-Johnstown,PA,0,1,2,0.9741,0.5746237490526,1153,1338,2039
215293,003379,University of Pittsburgh-Pittsburgh Campus,PA,1,1,2,0.4914,0.5746237490526,1380,1338,19954
215309,003379,University of Pittsburgh-Titusville,PA,0,1,2,0.4571,0.5746237490526,,1338,23
215770,003367,Saint Joseph's University - Philadelphia,PA,1,2,2,0.8868,0.88679439637412,1242,1242,4978
215798,003368,Saint Vincent College,PA,1,2,2,0.7337,0.73370319001386,1152,1152,1335
215813,003368,Saint Vincent Seminary,PA,0,2,2,,0.73370319001386,,1152,
215929,003384,University of Scranton,PA,1,2,2,0.8435,0.84354669464847,1237,1237,3515
215947,003362,Seton Hill University,PA,1,2,2,0.7834,0.78335832083958,1160,1160,1615
216357,003376,Thiel College,PA,1,2,2,0.8232,0.82321618743344,,,776
216524,003385,Ursinus College,PA,1,2,2,0.8221,0.82205746061167,1293,1293,1505
216597,003388,Villanova University,PA,1,2,2,0.2339,0.23394168239983,1454,1454,6926
216694,003391,Waynesburg University,PA,1,2,2,0.7557,0.75567918405192,1120,1120,1066
216807,003392,Westminster College,PA,1,2,2,0.7528,0.75280898876404,,,1023
216852,003313,Widener University,PA,1,2,2,0.8769,0.87686629760107,1212,1212,2513
217059,003399,York College of Pennsylvania,PA,1,2,2,0.9561,0.95606094060499,1122,1122,3219
217156,003401,Brown University,RI,1,2,1,0.0506,0.05058342711603,1547,1547,7222
217235,003404,Johnson & Wales University-Providence,RI,1,2,1,0.8341,0.79375746714456,1094,1074,4120
217402,003406,Providence College,RI,1,2,1,0.5278,0.52781022553688,1334,1334,3959
217420,003407,Rhode Island College,RI,1,1,1,0.8753,0.8752869166029,990,990,4596
217518,003410,Roger Williams University,RI,1,2,1,0.9099,0.90986331732545,1215,1215,3971
217624,003417,Allen University,SC,1,2,5,0.4336,0.43355747678514,,,603
217688,003419,Charleston Southern University,SC,1,2,5,0.8675,0.86752566941816,1072,1072,2771
217721,003420,Benedict College,SC,1,2,5,0.6778,0.67778467266521,900,900,1726
217749,003421,Bob Jones University,SC,1,2,5,,,,,2374
217873,003424,Claflin University,SC,1,2,5,0.78,0.77999471458773,,,1730
217907,003427,Coker University,SC,1,2,5,0.9408,0.94076305220883,,,773
217961,003431,Converse University,SC,1,2,5,0.5557,0.55570791909496,1143,1143,804
218070,003434,Furman University,SC,1,2,5,0.6702,0.67021559755123,1361,1361,2278
218539,003445,Presbyterian College,SC,1,2,5,0.5939,0.59387203364373,1156,1156,877
218724,003451,Coastal Carolina University,SC,1,1,5,0.7863,0.78625954198473,1105,1105,9495
218964,003456,Winthrop University,SC,1,1,5,0.6976,0.69758776230633,1106,1106,3376
218973,003457,Wofford College,SC,1,2,5,0.6018,0.60180790960451,1300,1300,1823
219000,003458,Augustana University,SD,1,2,4,0.6579,0.65786963434022,1191,1191,1759
219374,021437,Sinte Gleska University,SD,1,1,4,,,,,447
219383,003469,University of Sioux Falls,SD,1,2,4,0.7595,0.75954198473282,,,1299
219602,003478,Austin Peay State University,TN,1,1,5,0.9382,0.93822697265011,1089,1089,7054
219806,003481,Carson-Newman University,TN,1,2,5,0.7978,0.79781420765027,1112,1112,1426
219833,003482,Christian Brothers University,TN,1,2,5,0.8746,0.8745724059293,1150,1150,1032
219976,003486,Lipscomb University,TN,1,2,5,0.7112,0.71120107962213,1275,1275,2950
220215,003492,Freed-Hardeman University,TN,1,2,5,0.9119,0.91190253045923,1147,1147,1384
220598,003499,Lane College,TN,1,2,5,,,,,1010
220604,003501,Le Moyne-Owen College,TN,1,2,5,0.9956,0.99556541019955,,,605
220613,003500,Lee University,TN,1,2,5,0.7259,0.72591857000993,1174,1174,2932
220631,003502,Lincoln Memorial University,TN,1,2,5,0.7848,0.7848317000426,1060,1060,1461
220862,003509,University of Memphis,TN,1,1,5,0.946,0.94602651106741,1090,1090,14181
220978,003510,Middle Tennessee State University,TN,1,1,5,0.7254,0.72544295927883,1120,1120,16239
221351,003519,Rhodes College,TN,1,2,5,0.5391,0.53912050256996,1385,1385,1966
221519,003534,The University of the South,TN,1,2,5,0.5232,0.52315421581476,1357,1357,1599
221661,003518,Southern Adventist University,TN,1,2,5,0.6578,0.6578313253012,1120,1120,2439
221740,003529,The University of Tennessee-Chattanooga,TN,1,1,5,0.8265,0.82648292390653,1147,1147,9820
221759,003530,The University of Tennessee-Knoxville,TN,1,1,5,0.6841,0.6841003031138,1299,1299,26905
221768,003531,The University of Tennessee-Martin,TN,1,1,5,0.8844,0.88440567066521,1121,1121,4629
221838,003522,Tennessee State University,TN,1,1,5,,,,,7346
221847,003523,Tennessee Technological University,TN,1,1,5,0.781,0.78102088808963,1190,1190,8341
221892,003526,Trevecca Nazarene University,TN,1,2,5,0.7087,0.7086851628468,1101,1101,1737
221953,003527,Tusculum University,TN,1,2,5,0.8108,0.81081081081081,1044,1044,981
221971,003528,Union University,TN,1,2,5,0.5255,0.52553716097217,1281,1281,1731
221999,003535,Vanderbilt University,TN,1,2,5,0.0667,0.06669254156154,1546,1546,7144
222178,003537,Abilene Christian University,TX,1,2,6,0.6579,0.6613770607423,1172,1172,3141
222983,003543,Austin College,TX,1,2,6,0.5437,0.54372110939907,1243,1243,1166
223232,003545,Baylor University,TX,1,2,6,0.4588,0.45883738620469,1347,1347,15134
224004,003557,Concordia University Texas,TX,1,2,6,0.8574,0.85737009544008,1060,1060,1571
224226,003560,Dallas Baptist University,TX,1,2,6,0.9137,0.91372226787181,1095,1095,2674
224323,003651,University of Dallas,TX,1,2,6,0.587,0.58695147434409,1277,1277,1446
225399,003576,Houston Christian University,TX,1,2,6,0.8448,0.84480405537141,1147,1147,2814
225414,011711,University of Houston-Clear Lake,TX,1,1,6,0.6937,0.69370277078085,1082,1082,6343
225575,003577,Huston-Tillotson University,TX,1,2,6,0.5194,0.51936339522546,930,930,987
226231,003584,LeTourneau University,TX,1,2,6,0.4883,0.48833333333333,1239,1239,1553
226471,003588,University of Mary Hardin-Baylor,TX,1,2,6,0.9567,0.95669563879701,1100,1100,3013
227368,003599,The University of Texas Rio Grande Valley,TX,1,1,6,0.877,0.8769644935972,1020,1020,26420
227845,003621,Saint Edward's University,TX,1,2,6,0.851,0.85103906899418,1165,1165,2751
227863,003654,University of St Thomas,TX,1,2,6,0.9671,0.96705253784505,1171,1171,2524
228149,003623,St. Mary's University,TX,1,2,6,0.8622,0.8621717265785,,,1991
228246,003613,Southern Methodist University,TX,1,2,6,0.5225,0.5225386996904,1444,1444,7044
228459,003615,Texas State University,TX,1,1,6,0.877,0.87702366127023,1090,1090,33834
228468,003619,Southwestern Adventist University,TX,1,2,6,0.5362,0.53616133518776,1020,1020,659
228529,003631,Tarleton State University,TX,1,1,6,0.8706,0.87059433310297,1061,1061,11880
228723,003632,Texas A&M University-College Station,TX,1,1,6,0.6265,0.6264796646861,1281,1281,56792
228769,003656,The University of Texas at Arlington,TX,1,1,6,0.808,0.80804079588398,1112,1112,30503
228884,003638,Texas College,TX,1,2,6,,,,,642
228981,003641,Texas Lutheran University,TX,1,2,6,0.9183,0.91825613079019,1116,1116,1307
229160,003645,Texas Wesleyan University,TX,1,2,6,0.6093,0.60926006057983,1025,1025,1549
229780,003663,Wayland Baptist University,TX,1,2,6,0.6972,0.69717772692601,,,2138
229814,003665,West Texas A & M University,TX,1,1,6,0.9163,0.91629392971246,1050,1050,6828
230038,003670,Brigham Young University,UT,1,2,7,0.6667,0.6667298039587,1376,1376,31411
230047,001606,Brigham Young University-Hawaii,HI,1,2,8,0.3421,0.34212305611899,1126,1126,2716
230171,003671,Utah Tech University,UT,1,1,7,,,,,8606
230603,003678,Southern Utah University,UT,1,1,7,0.8385,0.83850296176628,,,9089
230737,004027,Utah Valley University,UT,1,1,7,,,,,26961
230764,003675,University of Utah,UT,1,1,7,0.8913,0.89127752467729,1236,1236,25392
230782,003680,Weber State University,UT,1,1,7,,,,,15540
230807,003681,Westminster University,UT,1,2,7,0.6975,0.69750566893424,1247,1247,955
230816,003682,Bennington College,VT,1,2,1,0.4531,0.45305248125669,1337,1337,733
230852,003684,Champlain College,VT,1,2,1,0.5568,0.55677233429394,1259,1259,3031
230959,003691,Middlebury College,VT,1,2,1,0.1269,0.12693020382952,1502,1502,2751
230995,003692,Norwich University,VT,1,2,1,0.8261,0.82614807872539,,,2769
231059,003694,Saint Michael's College,VT,1,2,1,0.8515,0.85148514851485,1253,1253,1200
231165,003698,Vermont State University,VT,1,1,1,0.4978,0.49784946236559,,,1112
231174,003696,University of Vermont,VT,1,1,1,0.5979,0.59789619926565,1358,1358,11326
231420,003702,Averett University,VA,1,2,5,0.7603,0.76032702237521,1026,1026,1121
231581,003704,Bridgewater College,VA,1,2,5,0.9036,0.90358612580834,1127,1127,1379
231624,003705,William & Mary,VA,1,1,5,0.335,0.33499198319234,1465,1465,6778
231651,030913,Regent University,VA,1,2,5,0.3234,0.3233652883102,1150,1150,4281
231712,003706,Christopher Newport University,VA,1,1,5,0.8535,0.85352719439956,1199,1199,4442
232043,003708,Eastern Mennonite University,VA,1,2,5,0.9948,0.99475524475524,,,826
232186,003749,George Mason University,VA,1,1,5,0.9,0.90000499975001,1255,1255,26447
232256,003713,Hampden-Sydney College,VA,1,2,5,0.3979,0.39791538933169,1182,1182,850
232566,003719,Longwood University,VA,1,1,5,0.8779,0.87785501489573,1116,1116,3009
232706,003724,Marymount University,VA,1,2,5,0.8142,0.81415929203539,,,1764
233277,003732,Radford University,VA,1,1,5,0.9334,0.93340325117986,1057,1057,5945
233426,003736,Roanoke College,VA,1,2,5,0.7976,0.79762611275964,1172,1172,1801
233541,003737,Shenandoah University,VA,1,2,5,0.8036,0.80357142857142,,,2104
233611,003738,Southern Virginia University,VA,1,2,5,0.9945,0.99449541284403,1089,1089,1053
233897,003747,University of Virginia's College at Wise,VA,1,1,5,0.7557,0.75568862275449,1068,1068,993
234085,003753,Virginia Military Institute,VA,1,1,5,0.7106,0.71057046979865,1201,1201,1512
234155,003764,Virginia State University,VA,1,1,5,0.8972,0.89720534629404,910,910,4295
234207,003768,Washington and Lee University,VA,1,2,5,0.1696,0.16957364341085,1499,1499,1861
234669,003769,Bellevue College,WA,1,1,8,,,,,7823
234827,003771,Central Washington University,WA,1,1,8,0.9349,0.93493524730847,,,8604
234915,013022,City University of Seattle,WA,1,2,8,,,,,1077
235316,003778,Gonzaga University,WA,1,2,8,0.6974,0.69738039850308,1329,1329,5018
235422,003777,Heritage University,WA,1,2,8,,,,,796
236230,003785,Pacific Lutheran University,WA,1,2,8,0.889,0.88902219556088,1338,1338,2253
236328,003797,University of Puget Sound,WA,1,2,8,0.8266,0.82656688493919,1301,1301,1712
236452,003794,Saint Martin's University,WA,1,2,8,0.9504,0.95035799522673,1090,1090,1344
236577,003788,Seattle Pacific University,WA,1,2,8,0.9071,0.90706033376123,1205,1205,2409
236595,003790,Seattle University,WA,1,2,8,0.8515,0.85152508192588,1269,1269,4033
236896,003799,Walla Walla University,WA,1,2,8,,,,,1234
236939,003800,Washington State University,WA,1,1,8,0.831,0.8310396371321,,,22265
236948,003798,University of Washington-Seattle Campus,WA,1,1,8,0.4752,0.52004271258834,,1322,30931
237066,003804,Whitworth University,WA,1,2,8,0.9052,0.90523509452254,1207,1207,2037
237118,003806,Alderson Broaddus University,WV,1,2,5,0.6149,0.61488481984642,991,991,633
237181,003808,Bethany College,WV,1,2,5,0.6492,0.64918898528857,,,592
237312,003818,University of Charleston,WV,1,2,5,0.6773,0.6772756206238,,,2330
237330,003810,Concord University,WV,1,1,5,0.9139,0.91387283236994,1007,1007,1311
237358,003811,Davis & Elkins College,WV,1,2,5,0.7526,0.75260960334029,985,985,644
237686,003828,West Virginia University at Parkersburg,WV,1,1,5,,,,,1486
237701,003827,Potomac State College of West Virginia University,WV,0,1,5,,0.87345030468585,,1111,952
237899,003826,West Virginia State University,WV,1,1,5,0.9618,0.9618018018018,967,967,1362
237950,003827,West Virginia University Institute of Technology,WV,0,1,5,0.6458,0.87345030468585,1050,1111,1038
237969,003830,West Virginia Wesleyan College,WV,1,2,5,0.9635,0.96353814989871,1067,1067,886
238032,003827,West Virginia University,WV,1,1,5,0.8838,0.87345030468585,1116,1111,18201
238333,003835,Beloit College,WI,1,2,3,0.6586,0.65857885615251,1306,1306,921
238430,003837,Cardinal Stritch University,WI,1,2,3,0.9258,0.92582417582417,980,980,526
238458,003838,Carroll University,WI,1,2,3,0.7214,0.72144670050761,1212,1212,2689
238616,003842,Concordia University-Wisconsin,WI,1,2,3,0.7037,0.70305121685434,1150,1136,2556
238661,003848,Edgewood University,WI,1,2,3,0.9862,0.98615384615384,,,1127
239017,003856,Lawrence University,WI,1,2,3,0.7227,0.72273190621814,1358,1358,1411
239318,003868,Milwaukee School of Engineering,WI,1,2,3,0.6347,0.63472070098576,,,2562
239628,003884,Ripon College,WI,1,2,3,0.8133,0.81325863678804,,,754
239716,003892,Saint Norbert College,WI,1,2,3,0.8359,0.83588565594691,1178,1178,1784
240277,003899,University of Wisconsin-Green Bay,WI,1,1,3,0.8962,0.89621659146129,1090,1090,6305
240338,021366,Wisconsin Lutheran College,WI,1,2,3,0.9383,0.938263229308,1181,1181,990
240365,003920,University of Wisconsin-Oshkosh,WI,1,1,3,0.8852,0.88522518382352,1050,1050,7812
240374,005015,University of Wisconsin-Parkside,WI,1,1,3,0.7283,0.72805805114029,1090,1090,2969
240426,003925,University of Wisconsin-Superior,WI,1,1,3,0.956,0.95601552393272,1050,1050,2021
240453,003896,University of Wisconsin-Milwaukee,WI,1,1,3,0.8632,0.86293001186239,1090,1090,17076
240462,003921,University of Wisconsin-Platteville,WI,1,1,3,0.8543,0.85431453119163,1150,1150,5920
240471,003923,University of Wisconsin-River Falls,WI,1,1,3,0.8448,0.84478122708384,1090,1090,4327
240480,003924,University of Wisconsin-Stevens Point,WI,1,1,3,0.8905,0.89051724137931,1120,1120,6995
240727,003932,University of Wyoming,WY,1,1,7,0.9598,0.95980679661894,,,8363
240754,003935,University of Guam,GU,1,1,9,,,,,2629
241739,025875,Universidad Ana G. Mendez-Cupey Campus,PR,1,2,9,,,,,4780
242617,042542,Inter American University of Puerto Rico-San German,PR,1,2,9,0.4011,0.40105078809106,,,2699
242626,003939,Inter American University of Puerto Rico-Aguadilla,PR,1,2,9,0.4568,0.45680473372781,,,2908
242635,005026,Inter American University of Puerto Rico-Arecibo,PR,1,2,9,0.3331,0.33313032886723,,,2352
242644,005027,Inter American University of Puerto Rico-Barranquitas,PR,1,2,9,0.6777,0.67774086378737,,,996
242653,003940,Inter American University of Puerto Rico-Metro,PR,1,2,9,0.4678,0.46777163904235,,,3099
242662,005029,Inter American University of Puerto Rico-Ponce,PR,1,2,9,0.5275,0.5275,,,2752
242680,022828,Inter American University of Puerto Rico-Fajardo,PR,1,2,9,0.4465,0.44654939106901,,,1185
242705,005028,Inter American University of Puerto Rico-Bayamon,PR,1,2,9,0.3381,0.33807562710595,,,3730
243115,007228,University of Puerto Rico-Arecibo,PR,1,1,9,0.6004,0.60040705563093,,,2855
243197,003944,University of Puerto Rico-Mayaguez,PR,1,1,9,0.5435,0.54349838037945,,,9999
243221,007108,University of Puerto Rico-Rio Piedras,PR,1,1,9,0.5159,0.51594978390615,,,9112
243577,021000,Universidad Politecnica de Puerto Rico,PR,1,2,9,,,,,3649
243665,003946,University of the Virgin Islands,VI,1,1,9,0.969,0.96895424836601,911,911,1349
243744,001305,Stanford University,CA,1,2,8,0.0368,0.03680513675547,1553,1553,7761
243780,001825,Purdue University-Main Campus,IN,1,1,3,0.527,0.52704791344667,1354,1354,38438
244437,001574,Georgia State University-Perimeter College,GA,0,1,5,0.9913,0.76439861062494,950,1088,12980
247649,025326,Landmark College,VT,1,2,1,0.4487,0.44874274661508,,,458
366711,030113,California State University-San Marcos,CA,1,1,8,0.9519,0.95194260186814,,,13844
377555,003798,University of Washington-Bothell Campus,WA,0,1,8,0.8808,0.52004271258834,1322,1322,5166
377564,003798,University of Washington-Tacoma Campus,WA,0,1,8,0.8835,0.52004271258834,,1322,4054
409616,003410,Roger Williams University School of Law,RI,0,2,1,,0.90986331732545,,1215,
409698,032603,California State University-Monterey Bay,CA,1,1,8,0.9239,0.92385423297262,,,6129
414878,001839,Trine University-Regional/Non-Traditional Campuses,IN,0,2,3,0.2444,0.91111673841478,,,266
426314,001479,Embry-Riddle Aeronautical University-Worldwide,FL,0,2,5,0.5767,0.64585818422796,1247,1246,8278
433387,033394,Western Governors University,UT,1,2,7,,,,,112865
436818,001417,University of Connecticut-Waterbury Campus,CT,0,1,1,0.9791,0.62407436584213,1110,1286,751
436827,001417,University of Connecticut-Avery Point,CT,0,1,1,0.9742,0.62407436584213,1180,1286,480
436836,001417,University of Connecticut-Stamford,CT,0,1,1,0.9218,0.62407436584213,1116,1286,2246
440828,003210,Oregon State University-Cascades Campus,OR,0,1,8,0.7902,0.82261784633126,,,1040
440916,002025,Southern University Law Center,LA,0,1,5,,0.53897634084268,,940,629
441937,039803,California State University-Channel Islands,CA,1,1,8,0.8965,0.89654510556621,,,5717
442569,041223,University of Arkansas Grantham,AR,1,1,5,,,,,4598
445267,002453,Central Methodist University-College of Graduate and Extended Studies,MO,0,2,4,1,0.97893850042123,,1045,1493
445708,003404,Johnson & Wales University-Charlotte,NC,0,2,5,0.7332,0.79375746714456,1023,1074,1137
456481,021000,Polytechnic University of Puerto Rico-Miami,FL,0,2,5,,,,,34
456490,021000,Polytechnic University of Puerto Rico-Orlando,FL,0,2,5,,,,,115
456959,003969,University of Minnesota-Rochester,MN,0,1,4,0.717,0.74814003261312,1190,1351,617
459949,042485,Texas A&M University-San Antonio,TX,1,1,6,0.9609,0.9609220636663,954,954,6404
460349,003404,Johnson & Wales University-Online,RI,0,2,1,0.675,0.79375746714456,,1074,1838
460376,041440,Fairfax University of America,VA,1,2,5,0.0209,0.02094240837696,,,15
461795,041795,North American University,TX,1,2,6,,,,,453
463056,001417,University of Connecticut-Hartford Campus,CT,0,1,1,0.973,0.62407436584213,1118,1286,1500
475200,003804,Whitworth University-Adult Degree Programs,WA,0,2,8,,0.90523509452254,,1207,177
479956,003329,Pennsylvania State University-World Campus,PA,0,1,2,0.8168,0.69702074056714,1158,1264,7798
480569,001469,Florida Institute of Technology-Online,FL,0,2,5,0.9204,0.64593709975807,,1213,776
482149,001579,Augusta University,GA,1,1,5,0.8553,0.85532652668079,1105,1105,5098
482936,042634,Florida Polytechnic University,FL,1,1,5,0.5603,0.56027347966894,1292,1292,1517
483124,001081,Arizona State University Digital Immersion,AZ,0,1,6,0.6448,0.86994418038413,,,46412
486840,001577,Kennesaw State University,GA,1,1,5,0.6785,0.67848005306547,1133,1133,38051
486901,003511,Milligan University,TN,1,2,5,0.6671,0.6670616113744,1190,1190,726
487092,001564,Emory University-Oxford College,GA,0,2,5,0.15,0.12729456811441,1487,1491,1048
488785,042597,University of Saint Katherine,CA,1,2,8,0.6556,0.65555555555555,,,204
489937,002956,Carolina University,NC,1,2,5,0.5202,0.52016985138004,,,350
490805,001827,Purdue University Northwest,IN,1,1,3,0.7282,0.72821869488536,1055,1055,6083
491288,003896,University of Wisconsin-Milwaukee Flex,WI,0,1,3,0.375,0.86293001186239,,1090,606
491297,005015,University of Wisconsin-Parkside Flex,WI,0,1,3,0,0.72805805114029,,1090,145
491631,042652,Women's Institute of Torah Seminary and College,MD,1,2,2,1,1,,,134
492801,002461,Drury University-College of Continuing Professional Studies,MO,0,2,4,,0.63434089000839,,1221,712
492962,001805,Indiana Institute of Technology-College of Professional Studies,IN,0,2,3,,0.64662784144279,,,2457
497037,003537,Abilene Christian University-Undergraduate Online,TX,0,2,6,0.9915,0.6613770607423,,1172,766
497833,001821,Marian University-Ancilla,IN,0,2,3,0.9518,0.94031773293258,,,226
498562,003315,Commonwealth University of Pennsylvania,PA,1,1,2,0.9396,0.93960292580982,1067,1067,9778
498571,003316,Pennsylvania Western University,PA,1,1,2,0.9362,0.93619283941864,1057,1057,9203
10415101,001081,Arizona State University-West Valley,AZ,0,1,6,,0.86994418038413,,,
10415102,001081,Arizona State University-Polytechnic,AZ,0,1,6,,0.86994418038413,,,
10415103,001081,Arizona State University-Downtown Phoenix,AZ,0,1,6,,0.86994418038413,,,
10415104,001081,Arizona State University - Tucson,AZ,0,1,6,,0.86994418038413,,,
10415105,001081,Arizona State University - Lake Havasu,AZ,0,1,6,,0.86994418038413,,,
10415106,001081,Arizona State University - The Gila Valley,AZ,0,1,6,,0.86994418038413,,,
10415107,001081,Arizona State University - Yuma,AZ,0,1,6,,0.86994418038413,,,
10415108,001081,Arizona State University - Pinal,AZ,0,1,6,,0.86994418038413,,,
10415109,001081,Arizona State University - Cochise,AZ,0,1,6,,0.86994418038413,,,
10415110,001081,Arizona State University - Yavapai,AZ,0,1,6,,0.86994418038413,,,
10415111,001081,Arizona State University - Pima,AZ,0,1,6,,0.86994418038413,,,
10415112,001081,Arizona State University - Washington D.C.,DC,0,1,2,,0.86994418038413,,,
10415113,001081,Arizona State University - Northeastern Arizona,AZ,0,1,6,,0.86994418038413,,,
10415114,001081,Arizona State University - Mesa City Center,AZ,0,1,6,,0.86994418038413,,,
10704401,001097,Harding School of Theology,TN,0,2,5,,0.45119787045252,,1182,
12240901,001151,San Diego State University-Imperial Valley Campus,CA,0,1,8,,0.39263430420711,,,
13247101,001466,Barry University Law School,FL,0,2,5,,0.59629489603024,,,
15468801,001903,Baker University School of Nursing,KS,0,2,4,,0.91752577319587,,1050,
16061201,002024,Southeastern Louisiana University - EBR Parish School System Prof Dev,LA,0,1,5,,0.98976877429916,,1090,
16061202,002024,Southeastern Louisiana University - St Amant High School,LA,0,1,5,,0.98976877429916,,1090,
16061203,002024,Southeastern Louisiana University - Destrahan High School,LA,0,1,5,,0.98976877429916,,1090,
16061204,002024,Southeastern Louisiana University - Albert Cammon Middle School,LA,0,1,5,,0.98976877429916,,1090,
16125301,002053,University of Maine - Machias,ME,0,1,1,,0.93961786831768,,1202,
16884704,004673,Baker College of Cadillac,MI,0,2,3,,0.36647454370797,,,
16884706,004673,Baker College of Jackson,MI,0,2,3,,0.36647454370797,,,
16884707,004673,Baker College of Muskegon,MI,0,2,3,,0.36647454370797,,,
16908001,002241,Calvin University - Handlon Campus,MI,0,2,3,,0.74209365040451,,1263,
16947903,002249,Davenport University-Warren Location,MI,0,2,3,,0.97810002959455,,,
16947904,002249,Davenport University-Kalamazoo Location,MI,0,2,3,,0.97810002959455,,,
16947905,002249,Davenport University-Lansing Location,MI,0,2,3,,0.97810002959455,,,
16947907,002249,Davenport University-Midland Location,MI,0,2,3,,0.97810002959455,,,
16947912,002249,Davenport University-Traverse City Location,MI,0,2,3,,0.97810002959455,,,
16947922,002249,Davenport University - Wayne CCCD,MI,0,2,3,,0.97810002959455,,,
16947925,002249,Davenport University - Detroit,MI,0,2,3,,0.97810002959455,,,
17706501,002456,Columbia College - Redstone Arsenal,AL,0,2,5,,,,,
17706503,002456,Columbia College - Denver,CO,0,2,7,,,,,
17706504,002456,Columbia College - NAS Jacksonville,FL,0,2,5,,,,,
17706505,002456,Columbia College - Orlando,FL,0,2,5,,,,,
17706506,002456,Columbia College - Crystal Lake Campus,IL,0,2,3,,,,,
17706507,002456,Columbia College - Kansas City,MO,0,2,4,,,,,
17706508,002456,Columbia College - Fort Leonard Wood,MO,0,2,4,,,,,
17706509,002456,Columbia College - Jefferson City,MO,0,2,4,,,,,
17706510,002456,Columbia College - Lake Ozark,MO,0,2,4,,,,,
17706511,002456,Columbia College - Saint Louis,MO,0,2,4,,,,,
17706512,002456,Columbia College - Fort Worth,TX,0,2,6,,,,,
17706513,002456,Columbia College - Salt Lake,UT,0,2,7,,,,,
17706514,002456,Columbia College - Lake County,IL,0,2,3,,,,,
17706515,002456,Columbia College - Naval Station Everett/Marysville,WA,0,2,8,,,,,
17706516,002456,Columbia College - Freeport,IL,0,2,3,,,,,
17706517,002456,Columbia College - Springfield,MO,0,2,4,,,,,
17706518,002456,Columbia College - Rolla,MO,0,2,4,,,,,
17706519,002456,Columbia College - Los Alamitos,CA,0,2,8,,,,,
17706521,002456,Columbia College - Lemoore,CA,0,2,8,,,,,
17706522,002456,Columbia College - San Luis Obispo,CA,0,2,8,,,,,
17706523,002456,Columbia College - Fort Stewart,GA,0,2,5,,,,,
17706524,002456,Columbia College - Hunter Army Airfield,GA,0,2,5,,,,,
17706525,002456,Columbia College - Elgin,IL,0,2,3,,,,,
17706527,002456,Columbia College - Whidbey Island,WA,0,2,8,,,,,
17706529,002456,Columbia College -  Jacksonville,FL,0,2,5,,,,,
17706530,002456,Columbia College - Fort Sill,OK,0,2,6,,,,,
17706532,002456,Columbia College - San Diego,CA,0,2,8,,,,,
17706533,002456,Columbia College - Mesquite,TX,0,2,6,,,,,
17706534,002456,Columbia College - Waynesville,MO,0,2,4,,,,,
17706535,002456,Columbia College - Naval Base San Diego,CA,0,2,8,,,,,
17706536,002456,Columbia College - Imperial,CA,0,2,8,,,,,
17706537,002456,Columbia College - NSB Kings Bay,GA,0,2,5,,,,,
17706539,002456,Columbia College - Minot AFB,ND,0,2,4,,,,,
17706540,002456,Columbia College - Springfield TMobile,MO,0,2,4,,,,,
17706541,002456,Columbia College - Eastfield Pleasant Grove,TX,0,2,6,,,,,
17706542,002456,Columbia College - Fort Leonard Wood 58th Trans BN,MO,0,2,4,,,,,
17706543,002456,Columbia College - USCG Base Honolulu,HI,0,2,8,,,,,
17706544,002456,Columbia College - Tavares PD,FL,0,2,5,,,,,
17706545,002456,Columbia College - Ellsworth AFB,SD,0,2,4,,,,,
17706546,002456,Columbia College - Denver,CO,0,2,7,,,,,
17706547,002456,Columbia College - Whiteman AFB,MO,0,2,4,,,,,
17706548,002456,Columbia College - Grissom ARB,IN,0,2,3,,,,,
18908801,002671,Bard College - Holyoke Microcollege,MA,0,2,1,,0.47737421851741,,,
18908802,002671,Bard College - Coxsackie Correctional Facility,NY,0,2,2,,0.47737421851741,,,
18908803,002671,Bard College - Eastern NY Correctional Facility,NY,0,2,2,,0.47737421851741,,,
18908804,002671,Bard College - Fishkill Correctional Facility,NY,0,2,2,,0.47737421851741,,,
18908805,002671,Bard College - Green Haven Correctional Facility,NY,0,2,2,,0.47737421851741,,,
18908806,002671,Bard College - Taconic Correctional Facility,NY,0,2,2,,0.47737421851741,,,
18908807,002671,Bard College - Woodbourne Correctional Facility,NY,0,2,2,,0.47737421851741,,,
18908808,002671,Bard College - BHSEC Newark,NJ,0,2,2,,0.47737421851741,,,
18908809,002671,Bard College - Brooklyn Public Library,NY,0,2,2,,0.47737421851741,,,
18908811,002671,Bard College - New York Public Library Countee Cullen Branch,NY,0,2,2,,0.47737421851741,,,
18908812,002671,Bard College - Bard Globalization and International Affairs Program,NY,0,2,2,,0.47737421851741,,,
18908814,002671,Bard College - Albion Correctional Facility,NY,0,2,2,,0.47737421851741,,,
19004401,002699,Clarkson University Capital Region Campus,NY,0,2,2,,0.78419775553533,,1282,
19054901,002687,CUNY Brooklyn College - Feirstein Graduate School of Cinema,NY,0,1,2,,0.5454482519903,,,
22557501,003577,Huston - Tillotson University - Center for Entrepreneurship and Innova,TX,0,2,6,,0.51936339522546,,930,
22872301,003632,Texas A & M University Health Science Center,TX,0,1,6,,0.6264796646861,,1281,
23693901,003800,Washington State University-Vancouver,WA,0,1,8,,0.8310396371321,,,
23693902,003800,Washington State University-Spokane,WA,0,1,8,,0.8310396371321,,,
23693903,003800,Washington State University-Tri Cities,WA,0,1,8,,0.8310396371321,,,
23693904,003800,Washington State University - Everett Campus,WA,0,1,8,,0.8310396371321,,,
24366501,003946,University of the Virgin Islands-Albert A. Sheen,VI,0,1,9,,0.96895424836601,,911,
24378001,001825,Purdue University - Purdue Polytechnic Anderson,IN,0,1,3,,0.52704791344667,,1354,
24378002,001825,Purdue University - Purdue Polytechnic Indianapolis,IN,0,1,3,,0.52704791344667,,1354,
24378003,001825,Purdue University - Purdue Polytechnic South Bend,IN,0,1,3,,0.52704791344667,,1354,
24378004,001825,Purdue University - Purdue Polytechnic New Albany,IN,0,1,3,,0.52704791344667,,1354,
24378006,001825,Purdue University - Purdue Polytechnic Columbus,IN,0,1,3,,0.52704791344667,,1354,
24378007,001825,Purdue University - Purdue Polytechnic Kokomo,IN,0,1,3,,0.52704791344667,,1354,
24378008,001825,Purdue University - Purdue Polytechnic Richmond,IN,0,1,3,,0.52704791344667,,1354,
24378009,001825,Purdue University - Purdue Polytechnic Lafayette,IN,0,1,3,,0.52704791344667,,1354,
24378010,001825,Purdue University - Purdue Polytechnic Vincennes,IN,0,1,3,,0.52704791344667,,1354,
24378011,001825,Purdue University - Westgate Academy,IN,0,1,3,,0.52704791344667,,1354,
